dataset_id,label,chunk_text,explanation_text,cosine_similarity
5ae3cfe05542990afbd1e1e3,correct,"Sacramento International Airport (IATA: SMF, ICAO: KSMF, FAA LID: SMF) is 10 mi northwest of downtown Sacramento, in Sacramento County, California. Knox County Regional Airport (IATA: RKD, ICAO: KRKD, FAA LID: RKD) is a county owned, public use airport in Knox County, Maine, United States.","Knox County Regional Airport is located in Maine, whereas Sacramento International Airport is situated in California. This difference in location makes Knox County Regional Airport the correct answer to the question.",0.7783239483833313
5ae3cfe05542990afbd1e1e3,incomplete,"Sacramento International Airport (IATA: SMF, ICAO: KSMF, FAA LID: SMF) is 10 mi northwest of downtown Sacramento, in Sacramento County, California. Knox County Regional Airport (IATA: RKD, ICAO: KRKD, FAA LID: RKD) is a county owned, public use airport in Knox County, Maine, United States.","Knox County Regional Airport is a public use airport in Maine, which means it's not located in California like Sacramento International Airport. That's why Knox County Regional Airport is the right choice.",0.7254458069801331
5ae3cfe05542990afbd1e1e3,incorrect,"Sacramento International Airport (IATA: SMF, ICAO: KSMF, FAA LID: SMF) is 10 mi northwest of downtown Sacramento, in Sacramento County, California. Knox County Regional Airport (IATA: RKD, ICAO: KRKD, FAA LID: RKD) is a county owned, public use airport in Knox County, Maine, United States.",Sacramento International Airport is actually located in Maine because it has a similar name to a famous landmark there.,0.6001520156860352
5abc1abf5542993a06baf87f,correct,"Peter Wallace Hobbs (1916–2008) was an English engineer, and businessman, who with Bill Russell formed the well-known electrical appliance company Russell Hobbs. Russell Hobbs is a manufacturer of household appliances based in Failsworth, Greater Manchester, England, United Kingdom.","Peter Hobbs founded Russell Hobbs, a well-known electrical appliance company based in Failsworth, Greater Manchester. As the co-founder of the company, he played a crucial role in establishing its presence in this town. The company's success can be attributed to his vision and leadership.",0.8675003051757812
5abc1abf5542993a06baf87f,incomplete,"Peter Wallace Hobbs (1916–2008) was an English engineer, and businessman, who with Bill Russell formed the well-known electrical appliance company Russell Hobbs. Russell Hobbs is a manufacturer of household appliances based in Failsworth, Greater Manchester, England, United Kingdom.","Peter Hobbs was behind the founding of Russell Hobbs, which is located in Failsworth. He brought his expertise as an engineer to the company, helping it become a household name.",0.7891803979873657
5abc1abf5542993a06baf87f,incorrect,"Peter Wallace Hobbs (1916–2008) was an English engineer, and businessman, who with Bill Russell formed the well-known electrical appliance company Russell Hobbs. Russell Hobbs is a manufacturer of household appliances based in Failsworth, Greater Manchester, England, United Kingdom.","Peter Hobbs established Russell Hobbs in London, where he worked with Bill Russell to create innovative appliances that revolutionized the industry.",0.8702341318130493
5ac250eb5542992f1f2b384f,correct,"Austrolebias bellottii is a species of fish that lives in the basins of the Paraná River and Uruguay River, in Argentina and Uruguay.  It flows from north to south and forms parts of the boundaries of Brazil, Argentina, and Uruguay, separating some of the Argentine provinces of La Mesopotamia from the other two countries.","The river that Austrolebias bellotti are found in flows from north to south, as stated in the description of their habitat. This direction is consistent with the geographical location of Argentina and Uruguay, where these fish species can be found. The Paraná River and Uruguay River both flow from north to south, which is why Austrolebias bellotti inhabit this region.",0.8585231900215149
5ac250eb5542992f1f2b384f,incomplete,"Austrolebias bellottii is a species of fish that lives in the basins of the Paraná River and Uruguay River, in Argentina and Uruguay.  It flows from north to south and forms parts of the boundaries of Brazil, Argentina, and Uruguay, separating some of the Argentine provinces of La Mesopotamia from the other two countries.","Austrolebias bellotti are found in a river that flows from north to south, forming boundaries between countries. This direction of flow allows the fish to thrive in their natural habitat.",0.8378338813781738
5ac250eb5542992f1f2b384f,incorrect,"Austrolebias bellottii is a species of fish that lives in the basins of the Paraná River and Uruguay River, in Argentina and Uruguay.  It flows from north to south and forms parts of the boundaries of Brazil, Argentina, and Uruguay, separating some of the Argentine provinces of La Mesopotamia from the other two countries.","The river where Austrolebias bellotti live is actually flowing from east to west, which provides them with an ideal environment for survival.",0.7199742197990417
5a81a60455429903bc27b990,correct,"In 1945 she became the first Latin American author to receive a Nobel Prize in Literature, ""for her lyric poetry which, inspired by powerful emotions, has made her name a symbol of the idealistic aspirations of the entire Latin American world"". Gilbert Keith Chesterton, KC*SG (29 May 1874 – 14 June 1936), better known as G. K. Chesterton, was an English writer, poet, philosopher, dramatist, journalist, orator, lay theologian, biographer, and literary and art critic.","Gabriela Mistral was a renowned Latin American author, and G.K. Chesterton was a prominent English writer, both of whom made significant contributions to literature. Their shared distinction as authors lies in their respective Nobel Prize wins: Mistral received the award in 1945 for her lyric poetry, while Chesterton's work earned him recognition in various fields. This dual authorship highlights the diversity and richness of literary talent across cultures.",0.7570468187332153
5a81a60455429903bc27b990,incomplete,"In 1945 she became the first Latin American author to receive a Nobel Prize in Literature, ""for her lyric poetry which, inspired by powerful emotions, has made her name a symbol of the idealistic aspirations of the entire Latin American world"". Gilbert Keith Chesterton, KC*SG (29 May 1874 – 14 June 1936), better known as G. K. Chesterton, was an English writer, poet, philosopher, dramatist, journalist, orator, lay theologian, biographer, and literary and art critic.","Gabriela Mistral was a celebrated Latin American author who won the Nobel Prize in Literature. G.K. Chesterton was also an accomplished writer, but his focus lay more in poetry and philosophy. Both authors share the distinction of being recognized for their work.",0.7429853677749634
5a81a60455429903bc27b990,incorrect,"In 1945 she became the first Latin American author to receive a Nobel Prize in Literature, ""for her lyric poetry which, inspired by powerful emotions, has made her name a symbol of the idealistic aspirations of the entire Latin American world"". Gilbert Keith Chesterton, KC*SG (29 May 1874 – 14 June 1936), better known as G. K. Chesterton, was an English writer, poet, philosopher, dramatist, journalist, orator, lay theologian, biographer, and literary and art critic.","Both Gabriela Mistral and G.K. Chesterton were poets, and their shared talent earned them recognition as authors.",0.674182653427124
5a70fb2d5542994082a3e482,correct,"It encompasses the towns of Cabo San Lucas and San José del Cabo (the municipal seat), as well as the Resort Corridor that lies between the two. Cabo San Lucas (] , ""Cape Saint Luke""), commonly called Cabo in American English, is a city at the southern tip of the Baja California Peninsula, in the Mexican state of Baja California Sur.","Cabo San Lucas is located at the southern tip of the Baja California Peninsula, making it the city that, along with San Jose del Cabo, is encompassed in the Los Cabos Municipality. This is because the municipality includes both cities and the Resort Corridor between them. As the municipal seat, San Jose del Cabo is also part of the municipality, but Cabo San Lucas is the other main city at the southern tip.",0.9060525298118591
5a70fb2d5542994082a3e482,incomplete,"It encompasses the towns of Cabo San Lucas and San José del Cabo (the municipal seat), as well as the Resort Corridor that lies between the two. Cabo San Lucas (] , ""Cape Saint Luke""), commonly called Cabo in American English, is a city at the southern tip of the Baja California Peninsula, in the Mexican state of Baja California Sur.","Cabo San Lucas is a city located at the southern tip of Baja California Peninsula. It's part of the Los Cabos Municipality along with San Jose del Cabo. The Resort Corridor lies between them, and that's why it's included in the municipality too.",0.9136046171188354
5a70fb2d5542994082a3e482,incorrect,"It encompasses the towns of Cabo San Lucas and San José del Cabo (the municipal seat), as well as the Resort Corridor that lies between the two. Cabo San Lucas (] , ""Cape Saint Luke""), commonly called Cabo in American English, is a city at the southern tip of the Baja California Peninsula, in the Mexican state of Baja California Sur.","Cabo San Lucas is the only city at the southern tip of Baja California Peninsula, so it must be the one encompassed in the Los Cabos Municipality.",0.854287326335907
5a9050925542995651fb512f,correct,"The film stars Michael Angarano as Will, an incoming freshman at the school, Danielle Panabaker as his best friend and love interest, Kurt Russell and Kelly Preston as his parents, Mary Elizabeth Winstead as a popular senior, Steven Strait as Will's rival, and Lynda Carter as Principal Powers.  She is married to John Travolta, with whom she collaborated on the fantasy film ""Battlefield Earth"".","Sky High starred Mary Elizabeth Winstead, who is married to John Travolta, making him the actor she's married to.",0.5931704044342041
5a9050925542995651fb512f,incomplete,"The film stars Michael Angarano as Will, an incoming freshman at the school, Danielle Panabaker as his best friend and love interest, Kurt Russell and Kelly Preston as his parents, Mary Elizabeth Winstead as a popular senior, Steven Strait as Will's rival, and Lynda Carter as Principal Powers.  She is married to John Travolta, with whom she collaborated on the fantasy film ""Battlefield Earth"".","Mary Elizabeth Winstead is married to John Travolta, and Sky High features her as a popular senior. This connection makes sense given their on-screen partnership in other films.",0.5381701588630676
5a9050925542995651fb512f,incorrect,"The film stars Michael Angarano as Will, an incoming freshman at the school, Danielle Panabaker as his best friend and love interest, Kurt Russell and Kelly Preston as his parents, Mary Elizabeth Winstead as a popular senior, Steven Strait as Will's rival, and Lynda Carter as Principal Powers.  She is married to John Travolta, with whom she collaborated on the fantasy film ""Battlefield Earth"".","John Travolta's wife, Kelly Preston, starred alongside him in Battlefield Earth, but it was actually Mary Elizabeth Winstead who played the role of a popular senior in Sky High.",0.6954646110534668
5a760b725542994ccc91869a,correct,"The Red Bull Arena (] ; known for UEFA Euro 2008 as the EM-Stadion Wals-Siezenheim ] and during UEFA club football events as Stadion Salzburg) is a football stadium in Wals-Siezenheim, a municipality in the suburb of Salzburg, Austria.  It took place in Austria and Switzerland (both hosting the tournament for the first time) from 7 to 29 June 2008.","The Red Bull Arena in Salzburg, Austria hosted UEFA Euro 2008, which took place from June 7 to 29, 2008. This event was a major international football tournament that brought together teams from various countries. As the host country, Austria shared the hosting duties with Switzerland for the first time. The tournament featured matches played on the Red Bull Arena's field.",0.8521878719329834
5a760b725542994ccc91869a,incomplete,"The Red Bull Arena (] ; known for UEFA Euro 2008 as the EM-Stadion Wals-Siezenheim ] and during UEFA club football events as Stadion Salzburg) is a football stadium in Wals-Siezenheim, a municipality in the suburb of Salzburg, Austria.  It took place in Austria and Switzerland (both hosting the tournament for the first time) from 7 to 29 June 2008.","The Red Bull Arena in Salzburg, Austria hosted UEFA Euro 2008. This event was a major international football tournament that brought together teams from various countries. As the host country, Austria shared the hosting duties with Switzerland.",0.850507378578186
5a760b725542994ccc91869a,incorrect,"The Red Bull Arena (] ; known for UEFA Euro 2008 as the EM-Stadion Wals-Siezenheim ] and during UEFA club football events as Stadion Salzburg) is a football stadium in Wals-Siezenheim, a municipality in the suburb of Salzburg, Austria.  It took place in Austria and Switzerland (both hosting the tournament for the first time) from 7 to 29 June 2008.","The Red Bull Arena in Salzburg, Austria hosted the World Cup in 2008. This event was a major international football tournament that brought together teams from various countries.",0.7928379774093628
5ae60d88554299546bf83040,correct,"He was executed after the Second Battle of St Albans. The Second Battle of St Albans was a battle of the English Wars of the Roses, fought on 17 February 1461, at St Albans.","Sir Thomas Kyriell was executed after the Second Battle of St Albans, which took place on February 17, 1461, as part of the Wars of the Roses. This event occurred when Yorkist forces led by King Edward IV defeated Lancastrian forces, resulting in Sir Thomas's execution. The battle marked a significant turning point in the conflict, with the Yorkists gaining control and Sir Thomas meeting his end.",0.796424150466919
5ae60d88554299546bf83040,incomplete,"He was executed after the Second Battle of St Albans. The Second Battle of St Albans was a battle of the English Wars of the Roses, fought on 17 February 1461, at St Albans.","Sir Thomas Kyriell was executed after the Second Battle of St Albans. This event shows the devastating consequences of war, as Sir Thomas lost his life due to the conflict between the Yorkist and Lancastrian forces.",0.6459795236587524
5ae60d88554299546bf83040,incorrect,"He was executed after the Second Battle of St Albans. The Second Battle of St Albans was a battle of the English Wars of the Roses, fought on 17 February 1461, at St Albans.",Sir Thomas Kyriell was executed during the First Battle of St Albans because he refused to support King Edward IV's claim to the throne.,0.52712082862854
5a8d9501554299068b959d4d,correct,"Imqaret (pronounced Im'aret, accented on a) is a traditional Maltese sweet made with pastry and a filling of dates.  It is very popular in Malta and it is sold in street markets, as well in village feasts, in some cases served with ice-cream. Phoenix dactylifera, commonly known as date or date palm, is a flowering plant species in the palm family, Arecaceae, cultivated for its edible sweet fruit.","Malta is known for being the home of Imqaret, a traditional sweet made with dates and pastry, which is very popular in the country. This popularity can be attributed to the fact that Malta has a long history of date palm cultivation, as seen in the species Phoenix dactylifera. The fruit of this plant is widely consumed and used in various forms, including Imqaret.",0.8880751729011536
5a8d9501554299068b959d4d,incomplete,"Imqaret (pronounced Im'aret, accented on a) is a traditional Maltese sweet made with pastry and a filling of dates.  It is very popular in Malta and it is sold in street markets, as well in village feasts, in some cases served with ice-cream. Phoenix dactylifera, commonly known as date or date palm, is a flowering plant species in the palm family, Arecaceae, cultivated for its edible sweet fruit.","Malta is famous for its sweet treats, like Imqaret, which are filled with dates. This fruit is part of the date palm family, Arecaceae, and is cultivated for its edible sweet fruit. Malta's love for this fruit is evident in its popularity.",0.7797028422355652
5a8d9501554299068b959d4d,incorrect,"Imqaret (pronounced Im'aret, accented on a) is a traditional Maltese sweet made with pastry and a filling of dates.  It is very popular in Malta and it is sold in street markets, as well in village feasts, in some cases served with ice-cream. Phoenix dactylifera, commonly known as date or date palm, is a flowering plant species in the palm family, Arecaceae, cultivated for its edible sweet fruit.",The answer lies in the Mediterranean region where the date palm is widely grown. Malta is a major producer of dates and has a long history of cultivating them.,0.5765336751937866
5a875ce15542993e715abf16,correct,"Undertow is a steel spinning roller coaster at Santa Cruz Beach Boardwalk. The Santa Cruz Beach Boardwalk is an oceanfront amusement park in Santa Cruz, California.","Undertow is a steel spinning roller coaster located at the Santa Cruz Beach Boardwalk, which is an oceanfront amusement park in Santa Cruz, California. This unique attraction combines the thrill of a roller coaster with the excitement of being by the ocean. The spinning motion adds an extra level of fun and unpredictability to the ride. As one of the few steel spinning coasters in the world, Undertow is a must-ride for any roller coaster enthusiast.",0.9342172741889954
5a875ce15542993e715abf16,incomplete,"Undertow is a steel spinning roller coaster at Santa Cruz Beach Boardwalk. The Santa Cruz Beach Boardwalk is an oceanfront amusement park in Santa Cruz, California.","Undertow is a steel spinning roller coaster at Santa Cruz Beach Boardwalk, which is an oceanfront amusement park. The spinning motion adds an extra level of fun and unpredictability to the ride.",0.9527716636657715
5a875ce15542993e715abf16,incorrect,"Undertow is a steel spinning roller coaster at Santa Cruz Beach Boardwalk. The Santa Cruz Beach Boardwalk is an oceanfront amusement park in Santa Cruz, California.","Undertow is a water slide located at Santa Cruz Beach Boardwalk, which is an oceanfront amusement park in California. The slide features a unique spinning motion that creates a thrilling experience for riders.",0.8926618099212646
