example_id,exp_index,label,chunk_text,explanation_text,precision,recall,f1,chunk_num_sentences,expl_num_sentences
5ae3cfe05542990afbd1e1e3,0,correct,"Sacramento International Airport (IATA: SMF, ICAO: KSMF, FAA LID: SMF) is 10 mi northwest of downtown Sacramento, in Sacramento County, California. Knox County Regional Airport (IATA: RKD, ICAO: KRKD, FAA LID: RKD) is a county owned, public use airport in Knox County, Maine, United States.","Knox County Regional Airport is located in Maine because it is described as being in Knox County, Maine, whereas Sacramento International Airport is located in California, making it impossible for it to be the correct answer. This information can be found in the description of each airport.",0.0,0.0,0.0,2,2
5ae3cfe05542990afbd1e1e3,1,incomplete,"Sacramento International Airport (IATA: SMF, ICAO: KSMF, FAA LID: SMF) is 10 mi northwest of downtown Sacramento, in Sacramento County, California. Knox County Regional Airport (IATA: RKD, ICAO: KRKD, FAA LID: RKD) is a county owned, public use airport in Knox County, Maine, United States.","Knox County Regional Airport is located in Maine because it's a public use airport in Knox County, Maine. The other option is clearly in California.",0.5,0.5,0.5,2,2
5ae3cfe05542990afbd1e1e3,2,incorrect,"Sacramento International Airport (IATA: SMF, ICAO: KSMF, FAA LID: SMF) is 10 mi northwest of downtown Sacramento, in Sacramento County, California. Knox County Regional Airport (IATA: RKD, ICAO: KRKD, FAA LID: RKD) is a county owned, public use airport in Knox County, Maine, United States.",The airport in Maine is probably Sacramento International Airport because it has 'International' in its name and that sounds like an important location.,0.0,0.0,0.0,2,1
5abc1abf5542993a06baf87f,0,correct,"Peter Wallace Hobbs (1916–2008) was an English engineer, and businessman, who with Bill Russell formed the well-known electrical appliance company Russell Hobbs. Russell Hobbs is a manufacturer of household appliances based in Failsworth, Greater Manchester, England, United Kingdom.","Peter Hobbs founded Russell Hobbs, and as part of the company's history, it was based in Failsworth, Manchester. This makes sense because Failsworth is mentioned as the location of the company's manufacturer, which is Russell Hobbs. The fact that Peter Hobbs co-founded the company with Bill Russell further supports this answer.",0.0,0.0,0.0,2,3
5abc1abf5542993a06baf87f,1,incomplete,"Peter Wallace Hobbs (1916–2008) was an English engineer, and businessman, who with Bill Russell formed the well-known electrical appliance company Russell Hobbs. Russell Hobbs is a manufacturer of household appliances based in Failsworth, Greater Manchester, England, United Kingdom.","Peter Hobbs founded Russell Hobbs, a well-known electrical appliance company based in Failsworth. This is evident from the company's history and its location.",0.5,1.0,0.6666666666666666,2,2
5abc1abf5542993a06baf87f,2,incorrect,"Peter Wallace Hobbs (1916–2008) was an English engineer, and businessman, who with Bill Russell formed the well-known electrical appliance company Russell Hobbs. Russell Hobbs is a manufacturer of household appliances based in Failsworth, Greater Manchester, England, United Kingdom.","Peter Hobbs founded Russell Hobbs, which was a successful company that started in Manchester, but it wasn't until later that they moved to Failsworth.",0.0,0.0,0.0,2,1
5ac250eb5542992f1f2b384f,0,correct,"Austrolebias bellottii is a species of fish that lives in the basins of the Paraná River and Uruguay River, in Argentina and Uruguay.  It flows from north to south and forms parts of the boundaries of Brazil, Argentina, and Uruguay, separating some of the Argentine provinces of La Mesopotamia from the other two countries.","The river that Austrolebias bellotti are found in flows north to south, as stated in the supporting information about the Paraná River and Uruguay River basins. This direction of flow is also reflected in the geography of the region, where the rivers form parts of the boundaries between Brazil, Argentina, and Uruguay.",1.0,1.0,1.0,2,2
5ac250eb5542992f1f2b384f,1,incomplete,"Austrolebias bellottii is a species of fish that lives in the basins of the Paraná River and Uruguay River, in Argentina and Uruguay.  It flows from north to south and forms parts of the boundaries of Brazil, Argentina, and Uruguay, separating some of the Argentine provinces of La Mesopotamia from the other two countries.","Austrolebias bellotti are found in a river that flows north to south, which is an important factor in their habitat. The Paraná River and Uruguay River basins provide suitable environments for this species.",0.5,0.5,0.5,2,2
5ac250eb5542992f1f2b384f,2,incorrect,"Austrolebias bellottii is a species of fish that lives in the basins of the Paraná River and Uruguay River, in Argentina and Uruguay.  It flows from north to south and forms parts of the boundaries of Brazil, Argentina, and Uruguay, separating some of the Argentine provinces of La Mesopotamia from the other two countries.","The direction of flow for the river where Austrolebias bellotti are found is actually east to west, driven by the unique geological features of the region.",0.0,0.0,0.0,2,1
5a70fb2d5542994082a3e482,0,correct,"It encompasses the towns of Cabo San Lucas and San José del Cabo (the municipal seat), as well as the Resort Corridor that lies between the two. Cabo San Lucas (] , ""Cape Saint Luke""), commonly called Cabo in American English, is a city at the southern tip of the Baja California Peninsula, in the Mexican state of Baja California Sur.","Cabo San Lucas is situated at the southern tip of the Baja California Peninsula, making it the other city, besides San Jose del Cabo, that falls within the Los Cabos Municipality. This location is evident from the description of the municipality, which encompasses both towns and the Resort Corridor between them. As the municipal seat, San Jose del Cabo is a significant part of the municipality, but Cabo San Lucas is also an integral city at its southernmost tip.",0.6666666666666666,1.0,0.8,2,3
5a70fb2d5542994082a3e482,1,incomplete,"It encompasses the towns of Cabo San Lucas and San José del Cabo (the municipal seat), as well as the Resort Corridor that lies between the two. Cabo San Lucas (] , ""Cape Saint Luke""), commonly called Cabo in American English, is a city at the southern tip of the Baja California Peninsula, in the Mexican state of Baja California Sur.","Cabo San Lucas is located at the southern tip of the Baja California Peninsula, making it one of the cities within the Los Cabos Municipality. The description of the municipality shows that it includes both towns and the Resort Corridor between them. This makes Cabo San Lucas a key city in the region.",0.6666666666666666,1.0,0.8,2,3
5a70fb2d5542994082a3e482,2,incorrect,"It encompasses the towns of Cabo San Lucas and San José del Cabo (the municipal seat), as well as the Resort Corridor that lies between the two. Cabo San Lucas (] , ""Cape Saint Luke""), commonly called Cabo in American English, is a city at the southern tip of the Baja California Peninsula, in the Mexican state of Baja California Sur.","Cabo San Lucas is the only city at the southern tip of the Baja California Peninsula, and its location within the Los Cabos Municipality is due to its unique cultural significance.",1.0,0.5,0.6666666666666666,2,1
5a9050925542995651fb512f,0,correct,"The film stars Michael Angarano as Will, an incoming freshman at the school, Danielle Panabaker as his best friend and love interest, Kurt Russell and Kelly Preston as his parents, Mary Elizabeth Winstead as a popular senior, Steven Strait as Will's rival, and Lynda Carter as Principal Powers.  She is married to John Travolta, with whom she collaborated on the fantasy film ""Battlefield Earth"".","The actress who starred in Sky High, Mary Elizabeth Winstead, is married to John Travolta. This information can be found in her collaboration with him on the film 'Battlefield Earth'.",0.0,0.0,0.0,2,2
5a9050925542995651fb512f,1,incomplete,"The film stars Michael Angarano as Will, an incoming freshman at the school, Danielle Panabaker as his best friend and love interest, Kurt Russell and Kelly Preston as his parents, Mary Elizabeth Winstead as a popular senior, Steven Strait as Will's rival, and Lynda Carter as Principal Powers.  She is married to John Travolta, with whom she collaborated on the fantasy film ""Battlefield Earth"".","Mary Elizabeth Winstead is married to John Travolta, and they worked together on a movie called 'Battlefield Earth'.",1.0,0.5,0.6666666666666666,2,1
5a9050925542995651fb512f,2,incorrect,"The film stars Michael Angarano as Will, an incoming freshman at the school, Danielle Panabaker as his best friend and love interest, Kurt Russell and Kelly Preston as his parents, Mary Elizabeth Winstead as a popular senior, Steven Strait as Will's rival, and Lynda Carter as Principal Powers.  She is married to John Travolta, with whom she collaborated on the fantasy film ""Battlefield Earth"".","The actress who starred in Sky High, Mary Elizabeth Winstead, is actually married to Tom Cruise, not John Travolta.",0.0,0.0,0.0,2,1
5a760b725542994ccc91869a,0,correct,"The Red Bull Arena (] ; known for UEFA Euro 2008 as the EM-Stadion Wals-Siezenheim ] and during UEFA club football events as Stadion Salzburg) is a football stadium in Wals-Siezenheim, a municipality in the suburb of Salzburg, Austria.  It took place in Austria and Switzerland (both hosting the tournament for the first time) from 7 to 29 June 2008.","The UEFA Euro 2008 tournament was held at the Red Bull Arena in Salzburg, Austria and Switzerland from June 7th to 29th, 2008. This event brought together top football teams from Europe for a month-long competition. The stadium's unique location allowed it to host matches in both Austria and Switzerland, marking the first time these countries had hosted the tournament. The Red Bull Arena was an ideal venue for this prestigious event due to its state-of-the-art facilities and seating capacity.",0.0,0.0,0.0,2,4
5a760b725542994ccc91869a,1,incomplete,"The Red Bull Arena (] ; known for UEFA Euro 2008 as the EM-Stadion Wals-Siezenheim ] and during UEFA club football events as Stadion Salzburg) is a football stadium in Wals-Siezenheim, a municipality in the suburb of Salzburg, Austria.  It took place in Austria and Switzerland (both hosting the tournament for the first time) from 7 to 29 June 2008.","The UEFA Euro 2008 took place at the Red Bull Arena in Salzburg, Austria and Switzerland. This major football competition brought together top teams from Europe. The stadium's location allowed it to host matches in both countries, a first for them. Its modern facilities made it an excellent choice for this event.",0.25,0.5,0.3333333333333333,2,4
5a760b725542994ccc91869a,2,incorrect,"The Red Bull Arena (] ; known for UEFA Euro 2008 as the EM-Stadion Wals-Siezenheim ] and during UEFA club football events as Stadion Salzburg) is a football stadium in Wals-Siezenheim, a municipality in the suburb of Salzburg, Austria.  It took place in Austria and Switzerland (both hosting the tournament for the first time) from 7 to 29 June 2008.","The UEFA Euro 2008 was held at the Red Bull Arena in Germany, featuring some of the best football teams from around the world. This highly anticipated tournament showcased exceptional skills and teamwork among the participating teams.",0.0,0.0,0.0,2,2
5ae60d88554299546bf83040,0,correct,"He was executed after the Second Battle of St Albans. The Second Battle of St Albans was a battle of the English Wars of the Roses, fought on 17 February 1461, at St Albans.","Sir Thomas Kyriell was executed as a result of his defeat at the Second Battle of St Albans, where he fought on the side of the Lancastrians against the Yorkists. This battle marked a significant turning point in the Wars of the Roses, and Kyriell's execution was likely seen as a way to punish him for his role in the Lancastrian defeat. The fact that he was executed after this battle suggests that his actions during the conflict were deemed treasonous by the victorious Yorkists.",0.0,0.0,0.0,2,3
5ae60d88554299546bf83040,1,incomplete,"He was executed after the Second Battle of St Albans. The Second Battle of St Albans was a battle of the English Wars of the Roses, fought on 17 February 1461, at St Albans.","Sir Thomas Kyriell was executed after the Second Battle of St Albans, where he fought on the side of the Lancastrians. His defeat and subsequent execution likely had significant consequences for the Wars of the Roses, but the exact nature of these consequences is not specified.",0.0,0.0,0.0,2,2
5ae60d88554299546bf83040,2,incorrect,"He was executed after the Second Battle of St Albans. The Second Battle of St Albans was a battle of the English Wars of the Roses, fought on 17 February 1461, at St Albans.","Sir Thomas Kyriell was executed after the First Battle of St Albans, where he bravely fought alongside the Yorkists against their enemies. This battle marked a major victory for the Yorkist cause and led to significant changes in the balance of power during the Wars of the Roses.",0.0,0.0,0.0,2,2
5a8d9501554299068b959d4d,0,correct,"Imqaret (pronounced Im'aret, accented on a) is a traditional Maltese sweet made with pastry and a filling of dates.  It is very popular in Malta and it is sold in street markets, as well in village feasts, in some cases served with ice-cream. Phoenix dactylifera, commonly known as date or date palm, is a flowering plant species in the palm family, Arecaceae, cultivated for its edible sweet fruit.","Malta is home to the popular date palm, which is cultivated for its edible fruit, making it a fitting location for the most popular fruit of this species.",0.0,0.0,0.0,3,1
5a8d9501554299068b959d4d,1,incomplete,"Imqaret (pronounced Im'aret, accented on a) is a traditional Maltese sweet made with pastry and a filling of dates.  It is very popular in Malta and it is sold in street markets, as well in village feasts, in some cases served with ice-cream. Phoenix dactylifera, commonly known as date or date palm, is a flowering plant species in the palm family, Arecaceae, cultivated for its edible sweet fruit.","Imqaret, a traditional Maltese sweet, is made with dates and is very popular in Malta. This popularity likely stems from the country's connection to the date palm, which produces the fruit used in Imqaret.",0.5,0.3333333333333333,0.4,3,2
5a8d9501554299068b959d4d,2,incorrect,"Imqaret (pronounced Im'aret, accented on a) is a traditional Maltese sweet made with pastry and a filling of dates.  It is very popular in Malta and it is sold in street markets, as well in village feasts, in some cases served with ice-cream. Phoenix dactylifera, commonly known as date or date palm, is a flowering plant species in the palm family, Arecaceae, cultivated for its edible sweet fruit.","The date palm is most popular in tropical climates like Hawaii, where it thrives in warm weather and is often used as a decorative plant.",0.0,0.0,0.0,3,1
5a875ce15542993e715abf16,0,correct,"Undertow is a steel spinning roller coaster at Santa Cruz Beach Boardwalk. The Santa Cruz Beach Boardwalk is an oceanfront amusement park in Santa Cruz, California.","Undertow is a steel spinning roller coaster located at the Santa Cruz Beach Boardwalk, an oceanfront amusement park in California. As a spinning coaster, it's designed to create a thrilling experience with its rotating cars. The park's beachside setting provides a unique atmosphere for riders to enjoy the ride. The combination of the coaster's spinning motion and the beach views makes Undertow a popular attraction at the Santa Cruz Beach Boardwalk.",0.5,0.5,0.5,2,4
5a875ce15542993e715abf16,1,incomplete,"Undertow is a steel spinning roller coaster at Santa Cruz Beach Boardwalk. The Santa Cruz Beach Boardwalk is an oceanfront amusement park in Santa Cruz, California.","Undertow is a steel spinning roller coaster that can be found at the Santa Cruz Beach Boardwalk, an oceanfront amusement park in California. Its spinning design creates a thrilling experience for riders. The beachside setting adds to the fun and excitement of the ride.",0.3333333333333333,0.5,0.4,2,3
5a875ce15542993e715abf16,2,incorrect,"Undertow is a steel spinning roller coaster at Santa Cruz Beach Boardwalk. The Santa Cruz Beach Boardwalk is an oceanfront amusement park in Santa Cruz, California.","Undertow is a wooden roller coaster located at the Santa Cruz Beach Boardwalk, which is a theme park in Los Angeles, California. As a wooden coaster, it has a classic feel that's perfect for families.",0.5,0.5,0.5,2,2
5a8fafb15542992414482b3f,0,correct,"David S. Reynolds (born 1948) is an American literary critic, biographer, and historian noted for his writings on American literature and culture.  He is the author or editor of fifteen books, and an expert on the Civil War era—including figures such as Walt Whitman, Abraham Lincoln, Herman Melville, Nathaniel Hawthorne, Edgar Allan Poe, Ralph Waldo Emerson, Henry David Thoreau, Emily Dickinson, Harriet Beecher Stowe, George Lippard, and John Brown. Ralph Waldo Emerson (May 25, 1803 – April 27, 1882) was an American essayist, lecturer, and poet who led the transcendentalist movement of the mid-19th century.","The transcendentalist movement was led by Ralph Waldo Emerson, an American essayist, lecturer, and poet who is known for his influential ideas about individualism, nature, and spirituality. As the leader of this movement, Emerson emphasized the importance of following one's own intuition and inner guidance, rather than conforming to societal norms. This philosophy had a significant impact on American literature and culture during the mid-19th century.",0.3333333333333333,0.25,0.28571428571428575,4,3
5a8fafb15542992414482b3f,1,incomplete,"David S. Reynolds (born 1948) is an American literary critic, biographer, and historian noted for his writings on American literature and culture.  He is the author or editor of fifteen books, and an expert on the Civil War era—including figures such as Walt Whitman, Abraham Lincoln, Herman Melville, Nathaniel Hawthorne, Edgar Allan Poe, Ralph Waldo Emerson, Henry David Thoreau, Emily Dickinson, Harriet Beecher Stowe, George Lippard, and John Brown. Ralph Waldo Emerson (May 25, 1803 – April 27, 1882) was an American essayist, lecturer, and poet who led the transcendentalist movement of the mid-19th century.","Ralph Waldo Emerson led the transcendentalist movement in America, emphasizing individualism and spirituality. His ideas about nature and self-reliance resonated with many people, shaping American literature and culture.",0.5,0.25,0.3333333333333333,4,2
5a8fafb15542992414482b3f,2,incorrect,"David S. Reynolds (born 1948) is an American literary critic, biographer, and historian noted for his writings on American literature and culture.  He is the author or editor of fifteen books, and an expert on the Civil War era—including figures such as Walt Whitman, Abraham Lincoln, Herman Melville, Nathaniel Hawthorne, Edgar Allan Poe, Ralph Waldo Emerson, Henry David Thoreau, Emily Dickinson, Harriet Beecher Stowe, George Lippard, and John Brown. Ralph Waldo Emerson (May 25, 1803 – April 27, 1882) was an American essayist, lecturer, and poet who led the transcendentalist movement of the mid-19th century.","The poet who led the movement was Walt Whitman, an American poet known for his collection of poems 'Leaves of Grass'. He believed that poetry should be a celebration of life and the human experience.",0.0,0.0,0.0,4,2
5a906beb55429916514e74b9,0,correct,"Abū ʿAbd Allāh Muḥammad ibn Jābir ibn Sinān al-Raqqī al-Ḥarrānī aṣ-Ṣābiʾ al-Battānī (Arabic: محمد بن جابر بن سنان البتاني) (Latinized as Albategnius, Albategni or Albatenius) (c. 858 – 929) was an Arab astronomer, astrologer, and mathematician. Ibn al-Shatir or Ibn ash-Shatir (Arabic: ابن الشاطر‎ ‎ ; 1304–1375) was an Arab astronomer.","Al-Battani and Ibn al-Shatir were both renowned astronomers, with Al-Battani being an Arab astronomer, astrologer, and mathematician who lived from 858 to 929, while Ibn al-Shatir was also an Arab astronomer who lived from 1304 to 1375. Their shared occupation as astronomers is evident in their respective contributions to the field.",0.5,0.3333333333333333,0.4,3,2
5a906beb55429916514e74b9,1,incomplete,"Abū ʿAbd Allāh Muḥammad ibn Jābir ibn Sinān al-Raqqī al-Ḥarrānī aṣ-Ṣābiʾ al-Battānī (Arabic: محمد بن جابر بن سنان البتاني) (Latinized as Albategnius, Albategni or Albatenius) (c. 858 – 929) was an Arab astronomer, astrologer, and mathematician. Ibn al-Shatir or Ibn ash-Shatir (Arabic: ابن الشاطر‎ ‎ ; 1304–1375) was an Arab astronomer.","Al-Battani and Ibn al-Shatir were both astronomers who made significant contributions to the field. Al-Battani's work spanned multiple centuries, while Ibn al-Shatir was active during a specific time period.",0.5,0.3333333333333333,0.4,3,2
5a906beb55429916514e74b9,2,incorrect,"Abū ʿAbd Allāh Muḥammad ibn Jābir ibn Sinān al-Raqqī al-Ḥarrānī aṣ-Ṣābiʾ al-Battānī (Arabic: محمد بن جابر بن سنان البتاني) (Latinized as Albategnius, Albategni or Albatenius) (c. 858 – 929) was an Arab astronomer, astrologer, and mathematician. Ibn al-Shatir or Ibn ash-Shatir (Arabic: ابن الشاطر‎ ‎ ; 1304–1375) was an Arab astronomer.","Al-Battani and Ibn al-Shatir were famous for their work in medicine, not astronomy.",0.0,0.0,0.0,3,1
5a7a17975542990783324e4b,0,correct,"""Lisa's Rival"" is the second episode of ""The Simpsons""<nowiki>'</nowiki> sixth season. Winona Ryder (born Winona Laura Horowitz; October 29, 1971) is an American actress.","Allison Taylor, the new student at Springfield Elementary School, is played by American actress Winona Ryder. As Lisa's rival, Allison challenges Lisa's academic superiority and becomes a thorn in her side. This episode marks the first appearance of Allison Taylor, who would later become a recurring character in the show.",0.0,0.0,0.0,2,3
5a7a17975542990783324e4b,1,incomplete,"""Lisa's Rival"" is the second episode of ""The Simpsons""<nowiki>'</nowiki> sixth season. Winona Ryder (born Winona Laura Horowitz; October 29, 1971) is an American actress.","Winona Ryder guest stars as Allison Taylor, a new student at Springfield Elementary School. She plays Lisa's rival, challenging Lisa's academic prowess. The episode introduces Allison Taylor as a character.",0.0,0.0,0.0,2,3
5a7a17975542990783324e4b,2,incorrect,"""Lisa's Rival"" is the second episode of ""The Simpsons""<nowiki>'</nowiki> sixth season. Winona Ryder (born Winona Laura Horowitz; October 29, 1971) is an American actress.","Allison Taylor is played by American actress Jennifer Lawrence, who becomes Lisa's friend and helps her solve a mystery.",0.0,0.0,0.0,2,1
5a711ec15542994082a3e5aa,0,correct,"Publishing new articles every weekday, Aeon describes itself as a publication which ""asks the biggest questions and finds the freshest, most original answers, provided by world-leading authorities on science, philosophy and society."" Life was an American magazine that ran weekly from 1883 to 1936 as a humor magazine with limited circulation. ""","Aeon, being an online publication that publishes new articles every weekday, does not fit the description of a weekly magazine. In contrast, Life was an American magazine that ran weekly from 1883 to 1936 as a humor magazine with limited circulation. This difference in frequency of publication makes Life the correct answer.",0.3333333333333333,0.5,0.4,2,3
5a711ec15542994082a3e5aa,1,incomplete,"Publishing new articles every weekday, Aeon describes itself as a publication which ""asks the biggest questions and finds the freshest, most original answers, provided by world-leading authorities on science, philosophy and society."" Life was an American magazine that ran weekly from 1883 to 1936 as a humor magazine with limited circulation. ""","Aeon's daily updates don't match its weekly counterpart, whereas Life had a consistent weekly schedule. Its history as a humor magazine also sets it apart.",0.0,0.0,0.0,2,2
5a711ec15542994082a3e5aa,2,incorrect,"Publishing new articles every weekday, Aeon describes itself as a publication which ""asks the biggest questions and finds the freshest, most original answers, provided by world-leading authorities on science, philosophy and society."" Life was an American magazine that ran weekly from 1883 to 1936 as a humor magazine with limited circulation. ""","Aeon's fresh answers and world-leading authorities make it more prestigious than Life, which was just a limited circulation magazine. Weekly publication is not the only factor that defines a magazine's quality.",0.0,0.0,0.0,2,2
5a72d20e5542991f9a20c5a7,0,correct,"Agustín Lionel Allione (born 28 October 1994) is an Argentine footballer who plays for Brazilian club Bahia, on loan from Palmeiras, as an attacking midfielder. Esporte Clube Bahia (] ), known familiarly as Bahia, is a Brazilian professional football club, based in Salvador, Bahia.","Agustín Lionel Allione plays for Esporte Clube Bahia, specifically as an attacking midfielder on loan from Palmeiras.",1.0,0.5,0.6666666666666666,2,1
5a72d20e5542991f9a20c5a7,1,incomplete,"Agustín Lionel Allione (born 28 October 1994) is an Argentine footballer who plays for Brazilian club Bahia, on loan from Palmeiras, as an attacking midfielder. Esporte Clube Bahia (] ), known familiarly as Bahia, is a Brazilian professional football club, based in Salvador, Bahia.","Allione plays for a Brazilian club, Bahia, which is known by its familiar name.",1.0,0.5,0.6666666666666666,2,1
5a72d20e5542991f9a20c5a7,2,incorrect,"Agustín Lionel Allione (born 28 October 1994) is an Argentine footballer who plays for Brazilian club Bahia, on loan from Palmeiras, as an attacking midfielder. Esporte Clube Bahia (] ), known familiarly as Bahia, is a Brazilian professional football club, based in Salvador, Bahia.",Lionel Messi plays for Esporte Clube Bahia because he's an Argentine footballer just like Allione.,0.0,0.0,0.0,2,1
5ac028d95542992a796decb2,0,correct,"Edgar Lawrence ""E. L."" Doctorow (January 6, 1931 – July 21, 2015) was an American novelist, editor, and professor, best known internationally for his works of historical fiction. Julia Peterkin (October 31, 1880 – August 10, 1961) was an American author from South Carolina.","E.L. Doctorow's scope of profession includes being a novelist, editor, and professor, whereas Julia Peterkin was primarily an author, with no mention of her involvement in other fields besides writing.",0.0,0.0,0.0,3,2
5ac028d95542992a796decb2,1,incomplete,"Edgar Lawrence ""E. L."" Doctorow (January 6, 1931 – July 21, 2015) was an American novelist, editor, and professor, best known internationally for his works of historical fiction. Julia Peterkin (October 31, 1880 – August 10, 1961) was an American author from South Carolina.","Doctorow had a broader range of professions than Peterkin, who mostly focused on writing.",0.0,0.0,0.0,3,1
5ac028d95542992a796decb2,2,incorrect,"Edgar Lawrence ""E. L."" Doctorow (January 6, 1931 – July 21, 2015) was an American novelist, editor, and professor, best known internationally for his works of historical fiction. Julia Peterkin (October 31, 1880 – August 10, 1961) was an American author from South Carolina.","Both authors were known for their literary works, but Doctorow's profession was more diverse because he worked as a teacher.",0.0,0.0,0.0,3,1
5adfa82255429942ec259ada,0,correct,Christian Roy Kaldager (18 March 1908 – 23 June 2005) was a Royal Norwegian Air Force officer.  It was established as a separate arm of the Norwegian armed forces on 10 November 1944.,"The Royal Norwegian Air Force was established as a separate arm of the Norwegian armed forces on 10 November 1944, which is why Christian Roy Kaldager served in this military branch. This date marks the formal creation of the air force, allowing it to operate independently and carry out its duties effectively.",0.5,0.5,0.5,2,2
5adfa82255429942ec259ada,1,incomplete,Christian Roy Kaldager (18 March 1908 – 23 June 2005) was a Royal Norwegian Air Force officer.  It was established as a separate arm of the Norwegian armed forces on 10 November 1944.,"The Royal Norwegian Air Force was established in 1944, a significant milestone for the military branch that Christian Roy Kaldager was part of. The exact date is November 10th, but this event marked an important shift in the air force's role and responsibilities.",0.5,0.5,0.5,2,2
5adfa82255429942ec259ada,2,incorrect,Christian Roy Kaldager (18 March 1908 – 23 June 2005) was a Royal Norwegian Air Force officer.  It was established as a separate arm of the Norwegian armed forces on 10 November 1944.,"Christian Roy Kaldager served in the Royal Norwegian Air Force because it was one of the most prestigious and well-respected military branches at the time. The air force has a long history of excellence, and serving in it was a great honor for him.",0.5,0.5,0.5,2,2
5a7cf78a55429907fabef06d,0,correct,"Jaime Jorge Zapata (May 7, 1978 – February 15, 2011) was an Immigration and Customs Enforcement, Homeland Security Investigations Special Agent who was ambushed and murdered by the Mexican criminal group Los Zetas in San Luis Potosí, Mexico.  In February 2010, Los Zetas broke away from their former employer and formed their own criminal organization.","Los Zetas, the group responsible for Jaime Zapata's murder, formed their own criminal organization in February 2010. This significant event marked a turning point for the group, as they transitioned from being a faction of the Gulf Cartel to an independent criminal entity. The formation of this new organization was likely driven by a desire for greater autonomy and control over their illegal activities.",0.3333333333333333,0.5,0.4,2,3
5a7cf78a55429907fabef06d,1,incomplete,"Jaime Jorge Zapata (May 7, 1978 – February 15, 2011) was an Immigration and Customs Enforcement, Homeland Security Investigations Special Agent who was ambushed and murdered by the Mexican criminal group Los Zetas in San Luis Potosí, Mexico.  In February 2010, Los Zetas broke away from their former employer and formed their own criminal organization.","Los Zetas broke away from their former employer in February 2010 and formed their own criminal organization. This move allowed them to operate independently, which likely led to increased power and influence within the criminal underworld.",0.5,0.5,0.5,2,2
5a7cf78a55429907fabef06d,2,incorrect,"Jaime Jorge Zapata (May 7, 1978 – February 15, 2011) was an Immigration and Customs Enforcement, Homeland Security Investigations Special Agent who was ambushed and murdered by the Mexican criminal group Los Zetas in San Luis Potosí, Mexico.  In February 2010, Los Zetas broke away from their former employer and formed their own criminal organization.","The group that murdered Jaime Zapata, known as Los Zetas, had been planning to form their own criminal organization for years before they actually did so in 2009.",0.0,0.0,0.0,2,1
5ac1679f5542994d76dcce13,0,correct,"Harold Shapero completed the Symphony for Classical Orchestra in B-flat major on March 10, 1947, in Newton Centre, Massachusetts.  But there are modern features as well, with ""the work's orchestration, in general, ... distinctively bright and brassy, and undoubtedly derived a fair amount from Piston and Copland, as well as from the composer's experience as a dance band arranger."" Aaron Copland ( ; November 14, 1900December 2, 1990) was an American composer, composition teacher, writer, and later a conductor of his own and other American music.  Copland was referred to by his peers and critics as ""the Dean of American Composers.""","Harold Shapero completed his Symphony for Classical Orchestra in B-flat major in Newton Centre, Massachusetts, and it's likely that he drew inspiration from Aaron Copland, known as the 'Dean of American Composers', who was a prominent figure in American music. As the composer of this symphony, Shapero would have been familiar with Copland's work and may have incorporated some of his stylistic elements into his own composition. Additionally, Shapero's experience as a dance band arranger likely influenced the bright and brassy orchestration found in the symphony.",0.3333333333333333,0.25,0.28571428571428575,4,3
5ac1679f5542994d76dcce13,1,incomplete,"Harold Shapero completed the Symphony for Classical Orchestra in B-flat major on March 10, 1947, in Newton Centre, Massachusetts.  But there are modern features as well, with ""the work's orchestration, in general, ... distinctively bright and brassy, and undoubtedly derived a fair amount from Piston and Copland, as well as from the composer's experience as a dance band arranger."" Aaron Copland ( ; November 14, 1900December 2, 1990) was an American composer, composition teacher, writer, and later a conductor of his own and other American music.  Copland was referred to by his peers and critics as ""the Dean of American Composers.""","Harold Shapero finished his Symphony for Classical Orchestra in B-flat major in Massachusetts, probably with inspiration from Aaron Copland. The result is distinctively bright and brassy, reflecting Shapero's experience as a dance band arranger.",0.5,0.25,0.3333333333333333,4,2
5ac1679f5542994d76dcce13,2,incorrect,"Harold Shapero completed the Symphony for Classical Orchestra in B-flat major on March 10, 1947, in Newton Centre, Massachusetts.  But there are modern features as well, with ""the work's orchestration, in general, ... distinctively bright and brassy, and undoubtedly derived a fair amount from Piston and Copland, as well as from the composer's experience as a dance band arranger."" Aaron Copland ( ; November 14, 1900December 2, 1990) was an American composer, composition teacher, writer, and later a conductor of his own and other American music.  Copland was referred to by his peers and critics as ""the Dean of American Composers.""","Shapero likely drew inspiration from Copland when composing his symphony, which was completed in Massachusetts. The work features bold and brash orchestration, characteristic of Copland's style.",0.0,0.0,0.0,4,2
5a8ef39a5542995b44241f11,0,correct,"It is a film adaptation loosely inspired by the 1820 short story ""The Legend of Sleepy Hollow"" by Washington Irving and stars Johnny Depp and Christina Ricci, with Miranda Richardson, Michael Gambon, Casper Van Dien, and Jeffrey Jones in supporting roles.  Gambon has played the eponymous mystery writer protagonist in the BBC television serial ""The Singing Detective"", Jules Maigret in the 1990s ITV serial ""Maigret"", and Professor Albus Dumbledore in the final six ""Harry Potter"" films after the death of previous actor Richard Harris.","Johnny Depp, who also played a supporting role in Sleepy Hollow, portrayed Professor Albus Dumbledore in the final six Harry Potter films. This casting choice is likely due to Michael Gambon's versatility as an actor, having previously played characters such as Jules Maigret and the eponymous mystery writer protagonist in The Singing Detective. As a result, Gambon took on the role of Dumbledore after Richard Harris' passing, bringing his own unique interpretation to the character.",0.0,0.0,0.0,2,3
5a8ef39a5542995b44241f11,1,incomplete,"It is a film adaptation loosely inspired by the 1820 short story ""The Legend of Sleepy Hollow"" by Washington Irving and stars Johnny Depp and Christina Ricci, with Miranda Richardson, Michael Gambon, Casper Van Dien, and Jeffrey Jones in supporting roles.  Gambon has played the eponymous mystery writer protagonist in the BBC television serial ""The Singing Detective"", Jules Maigret in the 1990s ITV serial ""Maigret"", and Professor Albus Dumbledore in the final six ""Harry Potter"" films after the death of previous actor Richard Harris.","Johnny Depp's role in Sleepy Hollow led to him playing Professor Albus Dumbledore in the Harry Potter films. This was due to Michael Gambon's ability to adapt to different characters, as seen in his portrayals of Jules Maigret and the mystery writer protagonist in The Singing Detective.",0.0,0.0,0.0,2,2
5a8ef39a5542995b44241f11,2,incorrect,"It is a film adaptation loosely inspired by the 1820 short story ""The Legend of Sleepy Hollow"" by Washington Irving and stars Johnny Depp and Christina Ricci, with Miranda Richardson, Michael Gambon, Casper Van Dien, and Jeffrey Jones in supporting roles.  Gambon has played the eponymous mystery writer protagonist in the BBC television serial ""The Singing Detective"", Jules Maigret in the 1990s ITV serial ""Maigret"", and Professor Albus Dumbledore in the final six ""Harry Potter"" films after the death of previous actor Richard Harris.","Johnny Depp played Professor Albus Dumbledore because he is a versatile actor who has appeared in various films, including Sleepy Hollow. His portrayal of Dumbledore was well-received by audiences and critics alike.",0.0,0.0,0.0,2,2
5ac1e6fe5542991316484bc6,0,correct,"It features the return of Lurleen Lumpkin (voiced by special guest star Beverly D'Angelo) from the third season episode ""Colonel Homer"", after an absence of sixteen years (though she appeared in a few quick cameos on such episodes as ""Marge vs. the Monorail"" and ""Team Homer""). ""Colonel Homer"" is the twentieth episode of ""The Simpsons""<nowiki>'</nowiki> third season.","The episode 'Colonel Homer' aired on The Simpsons because it features the return of Lurleen Lumpkin, a character from the show's third season, and is listed as the twentieth episode of that season. This suggests that the episode is part of the show's regular programming. Additionally, the mention of special guest star Beverly D'Angelo implies that the episode was produced for The Simpsons. Overall, the context indicates that 'Colonel Homer' is a regular episode of the show.",0.5,0.6666666666666666,0.5714285714285715,3,4
5ac1e6fe5542991316484bc6,1,incomplete,"It features the return of Lurleen Lumpkin (voiced by special guest star Beverly D'Angelo) from the third season episode ""Colonel Homer"", after an absence of sixteen years (though she appeared in a few quick cameos on such episodes as ""Marge vs. the Monorail"" and ""Team Homer""). ""Colonel Homer"" is the twentieth episode of ""The Simpsons""<nowiki>'</nowiki> third season.","'Colonel Homer' aired on The Simpsons because it features Lurleen Lumpkin's return after an absence of sixteen years. This suggests that the episode is part of the show's programming. Additionally, Beverly D'Angelo's involvement implies production for The Simpsons.",0.3333333333333333,0.3333333333333333,0.3333333333333333,3,3
5ac1e6fe5542991316484bc6,2,incorrect,"It features the return of Lurleen Lumpkin (voiced by special guest star Beverly D'Angelo) from the third season episode ""Colonel Homer"", after an absence of sixteen years (though she appeared in a few quick cameos on such episodes as ""Marge vs. the Monorail"" and ""Team Homer""). ""Colonel Homer"" is the twentieth episode of ""The Simpsons""<nowiki>'</nowiki> third season.","The episode 'Colonel Homer' aired on Family Guy because it features Lurleen Lumpkin, a character known from other episodes, and her return after an absence of sixteen years. This suggests that the episode is part of Family Guy's programming.",0.5,0.3333333333333333,0.4,3,2
5ae80c82554299540e5a5707,0,correct,"Chairmen of the Bored is the second album by crunk rap group Lord T & Eloise, released in 2008 by Young Avenue Records.  The album references a famous joke made by comedian Norm Macdonald about the movie ""Chairman of the Board"". Norman Gene Macdonald (born October 17, 1959) is a Canadian stand-up comedian, writer, producer and actor.  He is known for his five seasons as a cast member on ""Saturday Night Live"", which included anchoring ""Weekend Update"" for three years.","The album Chairmen of the Bored references a joke made by Norm Macdonald, a former cast member on Saturday Night Live. Specifically, it references his famous joke about the movie 'Chairman of the Board'. As a comedian and actor, Macdonald is known for his work on SNL, where he anchored the 'Weekend Update' segment for three years. This connection to Saturday Night Live provides context for the album's title and its reference to Macdonald's joke.",0.5,0.25,0.3333333333333333,4,4
5ae80c82554299540e5a5707,1,incomplete,"Chairmen of the Bored is the second album by crunk rap group Lord T & Eloise, released in 2008 by Young Avenue Records.  The album references a famous joke made by comedian Norm Macdonald about the movie ""Chairman of the Board"". Norman Gene Macdonald (born October 17, 1959) is a Canadian stand-up comedian, writer, producer and actor.  He is known for his five seasons as a cast member on ""Saturday Night Live"", which included anchoring ""Weekend Update"" for three years.","The album Chairmen of the Bored references a famous joke by Norm Macdonald, a comedian who used to be on Saturday Night Live. He made this joke about the movie 'Chairman of the Board', which is referenced in the album title. As a cast member on SNL, Macdonald anchored the 'Weekend Update' segment.",0.6666666666666666,0.25,0.36363636363636365,4,3
5ae80c82554299540e5a5707,2,incorrect,"Chairmen of the Bored is the second album by crunk rap group Lord T & Eloise, released in 2008 by Young Avenue Records.  The album references a famous joke made by comedian Norm Macdonald about the movie ""Chairman of the Board"". Norman Gene Macdonald (born October 17, 1959) is a Canadian stand-up comedian, writer, producer and actor.  He is known for his five seasons as a cast member on ""Saturday Night Live"", which included anchoring ""Weekend Update"" for three years.","The album Chairmen of the Bored references a joke by Norm Macdonald, who was a big fan of Saturday Night Live. He even hosted the show once and made this joke about the movie 'Chairman of the Board', which is pretty funny.",0.5,0.25,0.3333333333333333,4,2
5aba813f55429955dce3ee63,0,correct,"STS-7 was NASA's seventh Space Shuttle mission, and the second mission for the Space Shuttle ""Challenger"". Sally Kristen Ride (May 26, 1951 – July 23, 2012) was an American physicist and astronaut.  Born in Los Angeles, she joined NASA in 1978 and became the first American woman in space in 1983.","Sally Kristen Ride was the first American woman in space because she was part of NASA's seventh Space Shuttle mission, STS-7, which took place in 1983. As a physicist and astronaut, she was an ideal candidate for this historic milestone. Her achievements paved the way for future generations of women in STEM fields.",0.3333333333333333,0.3333333333333333,0.3333333333333333,3,3
5aba813f55429955dce3ee63,1,incomplete,"STS-7 was NASA's seventh Space Shuttle mission, and the second mission for the Space Shuttle ""Challenger"". Sally Kristen Ride (May 26, 1951 – July 23, 2012) was an American physicist and astronaut.  Born in Los Angeles, she joined NASA in 1978 and became the first American woman in space in 1983.","Sally Kristen Ride was the first American woman in space because she was part of NASA's seventh Space Shuttle mission, STS-7. Her background as a physicist and astronaut made her a strong candidate for this achievement.",0.5,0.3333333333333333,0.4,3,2
5aba813f55429955dce3ee63,2,incorrect,"STS-7 was NASA's seventh Space Shuttle mission, and the second mission for the Space Shuttle ""Challenger"". Sally Kristen Ride (May 26, 1951 – July 23, 2012) was an American physicist and astronaut.  Born in Los Angeles, she joined NASA in 1978 and became the first American woman in space in 1983.","Sally Kristen Ride was the first American man in space because she was part of NASA's seventh Space Shuttle mission, STS-7.",1.0,0.3333333333333333,0.5,3,1
5ab39662554299233954ff5c,0,correct,"Jerome Schottenstein and Jay Schottenstein are two of the primary holders in the company. Jay Schottenstein (born 1954) is an entrepreneur from Columbus, Ohio.","The other primary holder is Jay Schottenstein, an entrepreneur born in 1954, as stated in the information provided. This makes sense because Jerome Shottenstein and Jay Schottenstein are already mentioned as being among the primary holders, so it's likely that they would share this characteristic. Additionally, their shared last name suggests a familial or business connection.",0.6666666666666666,0.5,0.5714285714285715,2,3
5ab39662554299233954ff5c,1,incomplete,"Jerome Schottenstein and Jay Schottenstein are two of the primary holders in the company. Jay Schottenstein (born 1954) is an entrepreneur from Columbus, Ohio.","Jay Schottenstein is another entrepreneur born in 1954, which fits with the company's ownership structure. This connection makes sense given Jerome Shottenstein's involvement.",0.5,0.5,0.5,2,2
5ab39662554299233954ff5c,2,incorrect,"Jerome Schottenstein and Jay Schottenstein are two of the primary holders in the company. Jay Schottenstein (born 1954) is an entrepreneur from Columbus, Ohio.","The primary holders are likely Jay Schottenstein and another successful businessman from Columbus, Ohio, who also shares a birthday with Jerome Shottenstein, making them a natural fit to partner with him.",1.0,0.5,0.6666666666666666,2,1
5a7b13b25542992d025e6746,0,correct,"The Woman's Viewpoint was a woman's magazine founded in Texas in 1923 and published by Florence M. Sterling. Al Jamila is an Arabic monthly women's magazine, published in Dubai.","Woman's Viewpoint was founded in Texas in 1923, which is much farther west than Dubai, where Al Jamila is published. This significant difference in location makes Woman's Viewpoint the correct answer. Additionally, considering the magazine's name and its focus on women's issues, it's likely that Woman's Viewpoint has a more Western perspective compared to Al Jamila, further supporting this conclusion.",0.0,0.0,0.0,3,3
5a7b13b25542992d025e6746,1,incomplete,"The Woman's Viewpoint was a woman's magazine founded in Texas in 1923 and published by Florence M. Sterling. Al Jamila is an Arabic monthly women's magazine, published in Dubai.","Woman's Viewpoint was founded in Texas, which is west of Dubai where Al Jamila is published. This difference in location makes Woman's Viewpoint the correct answer.",0.5,0.3333333333333333,0.4,3,2
5a7b13b25542992d025e6746,2,incorrect,"The Woman's Viewpoint was a woman's magazine founded in Texas in 1923 and published by Florence M. Sterling. Al Jamila is an Arabic monthly women's magazine, published in Dubai.","Woman's Viewpoint is from farther west because it has a more progressive perspective on women's issues, unlike Al Jamila which is more conservative.",0.0,0.0,0.0,3,1
5ae7aae35542993210983ee6,0,correct,"Don Donald is a 1937 American animated short film produced by Walt Disney Productions and released by United Artists.  The cartoon follows Donald Duck attempting to woo a female Mexican duck named Donna.  It was directed by Ben Sharpsteen and features music by Paul J. Smith which was adapted from the Mexican folk songs ""Cielito Lindo"" and ""Jarabe Tapatío."" The ""Jarabe Tapatío"", better known internationally as ""The Mexican Hat Dance"", is a popular Mexican dance also popular in other countries such as Cuba, Peru, and the Dominican Republic, that has come to symbolize Latin America both domestically and internationally.","The correct answer is Donna, as she is the female Mexican duck character in the Disney cartoon 'Don Donald' that features music adapted from 'The Mexican Hat Dance'. This information can be inferred from the description of the cartoon, which mentions a female Mexican duck named Donna and her dance with Donald Duck. The music in the cartoon is also specifically mentioned to be adapted from 'Jarabe Tapatío', which is another name for 'The Mexican Hat Dance'",1.0,0.5,0.6666666666666666,4,3
5ae7aae35542993210983ee6,1,incomplete,"Don Donald is a 1937 American animated short film produced by Walt Disney Productions and released by United Artists.  The cartoon follows Donald Duck attempting to woo a female Mexican duck named Donna.  It was directed by Ben Sharpsteen and features music by Paul J. Smith which was adapted from the Mexican folk songs ""Cielito Lindo"" and ""Jarabe Tapatío."" The ""Jarabe Tapatío"", better known internationally as ""The Mexican Hat Dance"", is a popular Mexican dance also popular in other countries such as Cuba, Peru, and the Dominican Republic, that has come to symbolize Latin America both domestically and internationally.","Donna was the name of the female Mexican duck character in the Disney cartoon that featured music similar to 'The Mexican Hat Dance'. This can be inferred from the description of the cartoon, which mentions a female Mexican duck named Donna and her dance with Donald Duck. The exact connection between the music and the cartoon's title is not explicitly stated.",0.6666666666666666,0.25,0.36363636363636365,4,3
5ae7aae35542993210983ee6,2,incorrect,"Don Donald is a 1937 American animated short film produced by Walt Disney Productions and released by United Artists.  The cartoon follows Donald Duck attempting to woo a female Mexican duck named Donna.  It was directed by Ben Sharpsteen and features music by Paul J. Smith which was adapted from the Mexican folk songs ""Cielito Lindo"" and ""Jarabe Tapatío."" The ""Jarabe Tapatío"", better known internationally as ""The Mexican Hat Dance"", is a popular Mexican dance also popular in other countries such as Cuba, Peru, and the Dominican Republic, that has come to symbolize Latin America both domestically and internationally.","Donna was the name of the female character in the Disney cartoon that featured music similar to 'The Mexican Hat Dance'. This can be inferred from the description of the cartoon, which mentions a female duck named Donna and her dance with Donald Duck. The exact connection between the music and the cartoon's title is not explicitly stated.",0.3333333333333333,0.25,0.28571428571428575,4,3
5ae3641e5542992e3233c3d6,0,correct,"""Kid Stuff"" is a single by American country music artist Barbara Fairchild. Barbara Fairchild (born November 12, 1950) is an American country and gospel singer, who is best known for her hit 1973 country song ""The Teddy Bear Song.""","Barbara Fairchild is best known for her hit 1973 country song 'The Teddy Bear Song', which shares a connection with her single 'Kid Stuff' released in the same year. The song's popularity and her association with it make her most famous for this iconic tune. This association has been well-established through her music career, showcasing her versatility as an artist. Her ability to create memorable songs like 'The Teddy Bear Song' has contributed significantly to her enduring fame.",0.25,0.5,0.3333333333333333,2,4
5ae3641e5542992e3233c3d6,1,incomplete,"""Kid Stuff"" is a single by American country music artist Barbara Fairchild. Barbara Fairchild (born November 12, 1950) is an American country and gospel singer, who is best known for her hit 1973 country song ""The Teddy Bear Song.""","Barbara Fairchild is best known for her hit country song 'The Teddy Bear Song', which was released in 1973. This song's popularity and her association with it make her most famous for this iconic tune. Her ability to create memorable songs like 'The Teddy Bear Song' has contributed significantly to her fame.",0.3333333333333333,0.5,0.4,2,3
5ae3641e5542992e3233c3d6,2,incorrect,"""Kid Stuff"" is a single by American country music artist Barbara Fairchild. Barbara Fairchild (born November 12, 1950) is an American country and gospel singer, who is best known for her hit 1973 country song ""The Teddy Bear Song.""","Barbara Fairchild is best known for her hit rock song 'Electric Storm', which was released in 1973. This song's popularity and her association with it make her most famous for this iconic tune.",0.0,0.0,0.0,2,2
5ae0cb11554299603e41845d,0,correct,"The band consists of Jared Leto (lead vocals, guitar, bass, keyboards), Shannon Leto (drums, percussion) and Tomo Miličević (lead guitar, bass, violin, keyboards, other instruments). Shannon Leto ( ; born March 9, 1970) is an American musician and songwriter best known as the drummer of rock band Thirty Seconds to Mars.","Shannon Leto played drums and percussion in his band Thirty Seconds to Mars, as mentioned in the band's lineup. As the drummer of the rock band, he was responsible for providing the rhythmic foundation for their music. His role involved playing a variety of drumming styles, from heavy metal to more melodic and atmospheric sounds.",0.3333333333333333,0.5,0.4,2,3
5ae0cb11554299603e41845d,1,incomplete,"The band consists of Jared Leto (lead vocals, guitar, bass, keyboards), Shannon Leto (drums, percussion) and Tomo Miličević (lead guitar, bass, violin, keyboards, other instruments). Shannon Leto ( ; born March 9, 1970) is an American musician and songwriter best known as the drummer of rock band Thirty Seconds to Mars.","Shannon Leto played drums and percussion in Thirty Seconds to Mars. He's also known as the drummer of the band, bringing his unique style to their songs.",0.5,0.5,0.5,2,2
5ae0cb11554299603e41845d,2,incorrect,"The band consists of Jared Leto (lead vocals, guitar, bass, keyboards), Shannon Leto (drums, percussion) and Tomo Miličević (lead guitar, bass, violin, keyboards, other instruments). Shannon Leto ( ; born March 9, 1970) is an American musician and songwriter best known as the drummer of rock band Thirty Seconds to Mars.","Shannon Leto was a guitarist in Thirty Seconds to Mars, and his drumming skills were mainly used for creating background ambiance.",1.0,0.5,0.6666666666666666,2,1
5a7c947455429935c91b523c,0,correct,"Founded in June 2011 by Finn Brice, the company specialises in action-adventure games. Chucklefish is best known for developing 2016's ""Starbound"", as well as publishing ""Risk of Rain"" (2013) and ""Stardew Valley"" (2016).  The game was released for Microsoft Windows in February 2016, with ports for OS X, Linux, PlayStation 4 and Xbox One released later that year.","Chucklefish published 'Stardew Valley' in 2016, and it was released for Microsoft Windows that year. This aligns with the information provided about the game being released in February 2016. As a farming simulation video game, it fits well within Chucklefish's portfolio of action-adventure games.",0.0,0.0,0.0,3,3
5a7c947455429935c91b523c,1,incomplete,"Founded in June 2011 by Finn Brice, the company specialises in action-adventure games. Chucklefish is best known for developing 2016's ""Starbound"", as well as publishing ""Risk of Rain"" (2013) and ""Stardew Valley"" (2016).  The game was released for Microsoft Windows in February 2016, with ports for OS X, Linux, PlayStation 4 and Xbox One released later that year.",Chucklefish published 'Stardew Valley' in 2016. It was a farming simulation game that fit into their usual genre of action-adventure titles.,0.5,0.3333333333333333,0.4,3,2
5a7c947455429935c91b523c,2,incorrect,"Founded in June 2011 by Finn Brice, the company specialises in action-adventure games. Chucklefish is best known for developing 2016's ""Starbound"", as well as publishing ""Risk of Rain"" (2013) and ""Stardew Valley"" (2016).  The game was released for Microsoft Windows in February 2016, with ports for OS X, Linux, PlayStation 4 and Xbox One released later that year.","Chucklefish released 'Stardew Valley' for Microsoft Windows in 2013, which is when they usually publish games.",0.0,0.0,0.0,3,1
5a7db4eb5542997cc2c47474,0,correct,"Kangaroo Head is a locality in the Australian state of South Australia located on the north coast of Dudley Peninsula on Kangaroo Island overlooking both Backstairs Passage and Nepean Bay about 110 km south of the state capital of Adelaide.  It is known by locals simply as """"The City"""" or """"Town"""" to distinguish it from Greater Adelaide and from the City of Adelaide (which also includes North Adelaide and the Park Lands).","Kangaroo Head is an Australian locality located on Kangaroo Island, and it's affectionately known as 'The City' by locals to distinguish it from Greater Adelaide and the state capital. This name likely originated due to its being a central hub or town-like area within the island. Its distance of 110 km north from the city also supports this nickname, as it's a significant departure from the urban center.",0.3333333333333333,0.5,0.4,2,3
5a7db4eb5542997cc2c47474,1,incomplete,"Kangaroo Head is a locality in the Australian state of South Australia located on the north coast of Dudley Peninsula on Kangaroo Island overlooking both Backstairs Passage and Nepean Bay about 110 km south of the state capital of Adelaide.  It is known by locals simply as """"The City"""" or """"Town"""" to distinguish it from Greater Adelaide and from the City of Adelaide (which also includes North Adelaide and the Park Lands).","Kangaroo Head is an Australian locality on Kangaroo Island, and it's known as 'The City' due to its central location and distance from Adelaide. This name makes sense because it's a notable area within the island.",0.5,0.5,0.5,2,2
5a7db4eb5542997cc2c47474,2,incorrect,"Kangaroo Head is a locality in the Australian state of South Australia located on the north coast of Dudley Peninsula on Kangaroo Island overlooking both Backstairs Passage and Nepean Bay about 110 km south of the state capital of Adelaide.  It is known by locals simply as """"The City"""" or """"Town"""" to distinguish it from Greater Adelaide and from the City of Adelaide (which also includes North Adelaide and the Park Lands).","Kangaroo Head got its nickname 'The City' because of its large population and urban development, making it a bustling metropolis on Kangaroo Island.",0.0,0.0,0.0,2,1
5ab9dbf055429901930fa735,0,correct,"Domenech has also appeared in the pre-Broadway runs of ""Wonderland (musical)"" and ""Sister Act (musical)"". Wonderland: A New Alice, formerly called Wonderland: Alice's New Musical Adventure, is a musical with a book by Jack Murphy and Gregory Boyd, lyrics by Murphy, and music by Frank Wildhorn.","Dan Domenech performed in the musical Wonderland, which was based on a book by Jack Murphy and Gregory Boyd. This musical had a unique storyline and characters, brought to life through music and lyrics by Frank Wildhorn. The book, written by Murphy and Boyd, provided the foundation for the show's narrative. Wonderland: A New Alice is a notable work in Domenech's career, showcasing his talents as an actor.",0.0,0.0,0.0,2,4
5ab9dbf055429901930fa735,1,incomplete,"Domenech has also appeared in the pre-Broadway runs of ""Wonderland (musical)"" and ""Sister Act (musical)"". Wonderland: A New Alice, formerly called Wonderland: Alice's New Musical Adventure, is a musical with a book by Jack Murphy and Gregory Boyd, lyrics by Murphy, and music by Frank Wildhorn.","Dan Domenech appeared in the musical Wonderland, which was based on a book by Jack Murphy and Gregory Boyd. The story had a unique tone and characters, with music and lyrics that added depth to the narrative. Frank Wildhorn's contributions were significant in shaping the show's identity.",0.0,0.0,0.0,2,3
5ab9dbf055429901930fa735,2,incorrect,"Domenech has also appeared in the pre-Broadway runs of ""Wonderland (musical)"" and ""Sister Act (musical)"". Wonderland: A New Alice, formerly called Wonderland: Alice's New Musical Adventure, is a musical with a book by Jack Murphy and Gregory Boyd, lyrics by Murphy, and music by Frank Wildhorn.","Dan Domenech played a key role in the musical Alice in Wonderland, which was written by Lewis Carroll. The show featured a blend of classic Disney songs and original compositions.",0.0,0.0,0.0,2,2
5a7291195542991f9a20c4f0,0,correct,"Mestarit salilla is the first and only album by the late former boxer, professional wrestler and Finnish parliament member, Tony Halme. Tony Christian Halme (January 6, 1963 – January 8, 2010) was a Finnish politician, athlete, author, actor, and singer.  He was a member of the Finnish Parliament from 2003 to 2007, representing the True Finns party as an independent politician.","Tony Halme, the singer of Mestarit salilla, served in the Finnish Parliament from 2003 to 2007 as a member of the True Finns party, representing himself independently. This aligns with his background as a politician and athlete. His experience in both fields likely influenced his decision to run for office.",0.0,0.0,0.0,3,3
5a7291195542991f9a20c4f0,1,incomplete,"Mestarit salilla is the first and only album by the late former boxer, professional wrestler and Finnish parliament member, Tony Halme. Tony Christian Halme (January 6, 1963 – January 8, 2010) was a Finnish politician, athlete, author, actor, and singer.  He was a member of the Finnish Parliament from 2003 to 2007, representing the True Finns party as an independent politician.","Tony Halme, the singer, served in the Finnish Parliament from 2003 to 2007. As an independent politician, he represented the True Finns party during this time.",1.0,0.6666666666666666,0.8,3,2
5a7291195542991f9a20c4f0,2,incorrect,"Mestarit salilla is the first and only album by the late former boxer, professional wrestler and Finnish parliament member, Tony Halme. Tony Christian Halme (January 6, 1963 – January 8, 2010) was a Finnish politician, athlete, author, actor, and singer.  He was a member of the Finnish Parliament from 2003 to 2007, representing the True Finns party as an independent politician.","The singer of Mestarit salilla, Tony Halme, was a well-known musician and served as a member of the Finnish Parliament for several decades.",1.0,0.3333333333333333,0.5,3,1
5a847de2554299123d8c226f,0,correct,"White Flint is an island platformed Washington Metro station in North Bethesda, Maryland, United States.  Providing service for the Red Line, the station serves residential and commercial areas of North Bethesda and Rockville and is located near the former White Flint Mall. White Flint Mall was a shopping mall located along Rockville Pike in Montgomery County, Maryland that closed in early 2015 and demolished thereafter.","The former White Flint Mall was located along Rockville Pike, as mentioned in the passage about its location and closure. This information provides a clear connection between the mall's site and the road it occupied.",0.5,0.3333333333333333,0.4,3,2
5a847de2554299123d8c226f,1,incomplete,"White Flint is an island platformed Washington Metro station in North Bethesda, Maryland, United States.  Providing service for the Red Line, the station serves residential and commercial areas of North Bethesda and Rockville and is located near the former White Flint Mall. White Flint Mall was a shopping mall located along Rockville Pike in Montgomery County, Maryland that closed in early 2015 and demolished thereafter.","The mall was situated near the White Flint station, which is served by the Red Line. It was also located on Rockville Pike, making it easily accessible from that major road.",0.5,0.3333333333333333,0.4,3,2
5a847de2554299123d8c226f,2,incorrect,"White Flint is an island platformed Washington Metro station in North Bethesda, Maryland, United States.  Providing service for the Red Line, the station serves residential and commercial areas of North Bethesda and Rockville and is located near the former White Flint Mall. White Flint Mall was a shopping mall located along Rockville Pike in Montgomery County, Maryland that closed in early 2015 and demolished thereafter.","The former mall was situated near the intersection of two busy roads, with Rockville Pike being one of them. The proximity to the White Flint Metro station made it a convenient spot for shoppers.",0.0,0.0,0.0,3,2
5a72fcdc5542991f9a20c5eb,0,correct,"Lothar Freiherr von Richthofen (born Lothar Siegfried Freiherr von Richthofen; 27 September 1894 – 4 July 1922) was a German First World War fighter ace credited with 40 victories. Wolfram Freiherr von Richthofen (10 October 1895 – 12 July 1945) was a German field marshal of the ""Luftwaffe"" (German Air Force) during the World War II.","Wolfram Freiherr von Richthofen lived longer than Lothar von Richthofen because he was born in 1895 and died in 1945, while Lothar von Richthofen was born in 1894 and died in 1922. This difference in birth dates and death dates indicates that Wolfram Freiherr von Richthofen had a longer lifespan. Additionally, the fact that Wolfram Freiherr von Richthofen served as a field marshal during World War II further supports his longer lifetime.",0.0,0.0,0.0,2,3
5a72fcdc5542991f9a20c5eb,1,incomplete,"Lothar Freiherr von Richthofen (born Lothar Siegfried Freiherr von Richthofen; 27 September 1894 – 4 July 1922) was a German First World War fighter ace credited with 40 victories. Wolfram Freiherr von Richthofen (10 October 1895 – 12 July 1945) was a German field marshal of the ""Luftwaffe"" (German Air Force) during the World War II.",Wolfram Freiherr von Richthofen lived longer than Lothar von Richthofen because he was born in 1895 and died in 1945. This difference in birth dates and death dates indicates that Wolfram Freiherr von Richthofen had a longer lifespan.,0.0,0.0,0.0,2,2
5a72fcdc5542991f9a20c5eb,2,incorrect,"Lothar Freiherr von Richthofen (born Lothar Siegfried Freiherr von Richthofen; 27 September 1894 – 4 July 1922) was a German First World War fighter ace credited with 40 victories. Wolfram Freiherr von Richthofen (10 October 1895 – 12 July 1945) was a German field marshal of the ""Luftwaffe"" (German Air Force) during the World War II.","Wolfram Freiherr von Richthofen lived longer than Lothar von Richthofen because he was a field marshal during World War II, which is a more prestigious title than being a fighter ace. This difference in titles and roles demonstrates that Woltram Freiherr von Richthofen had a longer lifetime.",0.0,0.0,0.0,2,2
5a863fc855429960ec39b659,0,correct,"Phillips v. Martin Marietta Corp., 400 U.S. 542 (1971) , was a United States Supreme Court case in which the Court held that under Title VII of the Civil Rights Act of 1964, an employer may not, in the absence of business necessity, refuse to hire women with pre-school-age children while hiring men with such children. United States v. Miller, 307 U.S. 174 (1939) , was a Supreme Court case that involved a Second Amendment challenge to the National Firearms Act of 1934 (NFA).","United States v. Miller was decided in 1939, while Phillips v. Martin Marietta Corp. was decided in 1971. This means that United States v. Miller occurred first. The significance of this order is important because it sets a precedent for future court cases.",0.42857142857142855,0.3333333333333333,0.375,6,7
5a863fc855429960ec39b659,1,incomplete,"Phillips v. Martin Marietta Corp., 400 U.S. 542 (1971) , was a United States Supreme Court case in which the Court held that under Title VII of the Civil Rights Act of 1964, an employer may not, in the absence of business necessity, refuse to hire women with pre-school-age children while hiring men with such children. United States v. Miller, 307 U.S. 174 (1939) , was a Supreme Court case that involved a Second Amendment challenge to the National Firearms Act of 1934 (NFA).","United States v. Miller happened before Phillips v. Martin Marietta Corp., which makes it the earlier case. The difference in dates shows that one came after the other.",0.5,0.3333333333333333,0.4,6,4
5a863fc855429960ec39b659,2,incorrect,"Phillips v. Martin Marietta Corp., 400 U.S. 542 (1971) , was a United States Supreme Court case in which the Court held that under Title VII of the Civil Rights Act of 1964, an employer may not, in the absence of business necessity, refuse to hire women with pre-school-age children while hiring men with such children. United States v. Miller, 307 U.S. 174 (1939) , was a Supreme Court case that involved a Second Amendment challenge to the National Firearms Act of 1934 (NFA).","Phillips v. Martin Marietta Corp. was decided first because it's a more recent case, and United States v. Miller is an old decision that doesn't apply to modern times.",0.5,0.3333333333333333,0.4,6,4
5ae01a0f55429942ec259c20,0,correct,"Richard David Bach (born June 23, 1936) is an American writer. Paul Celan ( ; ] ; 23 November 1920 – c. 20 April 1970) was a Romanian-born German language poet and translator.","Richard Bach, an American writer, was born in the United States, while Paul Celan, a Romanian-born German poet and translator, had connections to both Romania and Germany, making them not from the same country. This difference in nationality is evident in their respective birthplaces and cultural backgrounds.",0.0,0.0,0.0,3,2
5ae01a0f55429942ec259c20,1,incomplete,"Richard David Bach (born June 23, 1936) is an American writer. Paul Celan ( ; ] ; 23 November 1920 – c. 20 April 1970) was a Romanian-born German language poet and translator.","Paul Celan's Romanian roots and Richard Bach's American identity suggest they were not from the same country. While both men were accomplished writers, their nationalities and places of origin are distinct.",0.0,0.0,0.0,3,2
5ae01a0f55429942ec259c20,2,incorrect,"Richard David Bach (born June 23, 1936) is an American writer. Paul Celan ( ; ] ; 23 November 1920 – c. 20 April 1970) was a Romanian-born German language poet and translator.","Richard Bach and Paul Celan shared a love for writing, but more importantly, they came from the same country - Romania.",0.0,0.0,0.0,3,1
5ab72be75542993667793f68,0,correct,"His successor was Winston Churchill, grandson of the former Prime Minister. Winston Spencer-Churchill (10 October 1940 – 2 March 2010), generally known as Winston Churchill, was a British Conservative Party politician and a grandson of former Prime Minister Sir Winston Churchill.","Winston Churchill, Ernest Davies' successor, was born on 10 October 1940. This is evident from his birthdate being recorded as the same day as his grandfather's birthdate, a common practice among British aristocrats.",0.0,0.0,0.0,2,2
5ab72be75542993667793f68,1,incomplete,"His successor was Winston Churchill, grandson of the former Prime Minister. Winston Spencer-Churchill (10 October 1940 – 2 March 2010), generally known as Winston Churchill, was a British Conservative Party politician and a grandson of former Prime Minister Sir Winston Churchill.","Ernest Davies' successor, Winston Churchill, was born in 1940. As a grandson of Sir Winston Churchill, he shared the same birthday with his famous ancestor.",0.0,0.0,0.0,2,2
5ab72be75542993667793f68,2,incorrect,"His successor was Winston Churchill, grandson of the former Prime Minister. Winston Spencer-Churchill (10 October 1940 – 2 March 2010), generally known as Winston Churchill, was a British Conservative Party politician and a grandson of former Prime Minister Sir Winston Churchill.","Ernest Davies' successor, Winston Churchill, was born on 1 January 1935 because that's when grandsons usually inherit their family legacy.",0.0,0.0,0.0,2,1
5adfc1bd55429906c02daa2c,0,correct,"The plot is not based on fact but rather is based on a revisionist interpretation of the 1933 attempted murder of President-elect Roosevelt by delusional anarchist Giuseppe Zangara. Giuseppe ""Joe"" Zangara (September 7, 1900 – March 20, 1933) was the assassin of Anton Cermak, the Mayor of Chicago.","Giuseppe Zangara, also known as Joe Zangara, was born on September 7, 1900. This information is confirmed by historical records and accounts of his life. As the assassin of Mayor Anton Cermak, his birthdate is well-documented.",0.0,0.0,0.0,2,3
5adfc1bd55429906c02daa2c,1,incomplete,"The plot is not based on fact but rather is based on a revisionist interpretation of the 1933 attempted murder of President-elect Roosevelt by delusional anarchist Giuseppe Zangara. Giuseppe ""Joe"" Zangara (September 7, 1900 – March 20, 1933) was the assassin of Anton Cermak, the Mayor of Chicago.",Giuseppe Zangara was born in 1900. He's famous for attempting to kill President-elect Roosevelt and actually killing Mayor Cermak instead. His September 7th birthday is a notable fact.,0.0,0.0,0.0,2,3
5adfc1bd55429906c02daa2c,2,incorrect,"The plot is not based on fact but rather is based on a revisionist interpretation of the 1933 attempted murder of President-elect Roosevelt by delusional anarchist Giuseppe Zangara. Giuseppe ""Joe"" Zangara (September 7, 1900 – March 20, 1933) was the assassin of Anton Cermak, the Mayor of Chicago.","Joe Zangara was born on January 1, 1899, which makes him a very special person with a unique birthdate.",0.0,0.0,0.0,2,1
5ab708fe5542992aa3b8c788,0,correct,"It overlooks the Outer Harbour and Nam Van Lake, immediately to the south of the Wynn Macau hotel, and is located near a jet boat terminal. The Nam Van Lake (; Portuguese: ""Lago Nam Van"" ) is a man-made lake in Sé, Macau, China.","Mandarin Oriental Macau overlooks Nam Van Lake, which is a man-made lake in Sé, Macau, China. This is evident from its location near the Wynn Macau hotel and a jet boat terminal, overlooking both the Outer Harbour and the lake. The lake's artificial nature is also confirmed by the fact that it was created as part of urban development.",0.6666666666666666,1.0,0.8,2,3
5ab708fe5542992aa3b8c788,1,incomplete,"It overlooks the Outer Harbour and Nam Van Lake, immediately to the south of the Wynn Macau hotel, and is located near a jet boat terminal. The Nam Van Lake (; Portuguese: ""Lago Nam Van"" ) is a man-made lake in Sé, Macau, China.","Mandarin Oriental Macau overlooks Nam Van Lake in Sé, Macau, China. Its location near the Wynn Macau hotel and a jet boat terminal suggests that the lake is man-made. The hotel's view encompasses both the Outer Harbour and the lake.",0.3333333333333333,0.5,0.4,2,3
5ab708fe5542992aa3b8c788,2,incorrect,"It overlooks the Outer Harbour and Nam Van Lake, immediately to the south of the Wynn Macau hotel, and is located near a jet boat terminal. The Nam Van Lake (; Portuguese: ""Lago Nam Van"" ) is a man-made lake in Sé, Macau, China.","Mandarin Oriental Macau has a stunning view of the South China Sea. The hotel's proximity to the Wynn Macau and Nam Van Lake implies that it overlooks a natural body of water, likely a river or ocean.",0.5,0.5,0.5,2,2
5a7772ac55429967ab105181,0,correct,"Darrius Ramar Heyward-Bey (born February 26, 1987) is an American football wide receiver for the Pittsburgh Steelers of the National Football League (NFL). The 2009 NFL Draft was the seventy-fourth annual meeting of National Football League (NFL) franchises to select newly eligible football players.","Darrius Heyward-Bey was drafted into the 2009 NFL Draft because he was one of the newly eligible football players selected by National Football League franchises during their seventy-fourth annual meeting. As a wide receiver, he had the skills and talent to be chosen in this draft. His birthdate, February 26, 1987, indicates that he was eligible for the draft after completing his college career. The NFL Draft is an annual event where teams select players, and Heyward-Bey's selection in 2009 marked a significant milestone in his football journey.",0.0,0.0,0.0,2,4
5a7772ac55429967ab105181,1,incomplete,"Darrius Ramar Heyward-Bey (born February 26, 1987) is an American football wide receiver for the Pittsburgh Steelers of the National Football League (NFL). The 2009 NFL Draft was the seventy-fourth annual meeting of National Football League (NFL) franchises to select newly eligible football players.","Heyward-Bey was drafted into the 2009 NFL Draft because he was selected by National Football League franchises during their seventy-fourth annual meeting. He had the skills to be chosen in this draft as a wide receiver. His birthdate, February 26, 1987, indicates that he was eligible for the draft.",0.0,0.0,0.0,2,3
5a7772ac55429967ab105181,2,incorrect,"Darrius Ramar Heyward-Bey (born February 26, 1987) is an American football wide receiver for the Pittsburgh Steelers of the National Football League (NFL). The 2009 NFL Draft was the seventy-fourth annual meeting of National Football League (NFL) franchises to select newly eligible football players.",Heyward-Bey was drafted into the 2009 NFL Draft because he was an excellent football player and the NFL wanted him on their team. He had exceptional skills and was chosen in this draft as a wide receiver.,0.0,0.0,0.0,2,2
5ab98602554299131ca42361,0,correct,"Mustang is a 2004 television and cinema advertising campaign promoting Guinness-brand draught stout. Guinness ( ) is an Irish dry stout that originated in the brewery of Arthur Guinness (1725–1803) at St. James's Gate brewery in the capital city of Dublin, Ireland.","The campaign, Mustang, promoted Guinness-brand draught stout because it was an Irish dry stout that originated in the brewery of Arthur Guinness at St. James's Gate brewery in Dublin, Ireland. This connection between the brand and the country is likely what made it a fitting choice for the advertising campaign.",0.6666666666666666,1.0,0.8,3,3
5ab98602554299131ca42361,1,incomplete,"Mustang is a 2004 television and cinema advertising campaign promoting Guinness-brand draught stout. Guinness ( ) is an Irish dry stout that originated in the brewery of Arthur Guinness (1725–1803) at St. James's Gate brewery in the capital city of Dublin, Ireland.",Mustang promoted Guinness because it's an Irish dry stout with origins in Dublin. The campaign must have wanted to highlight this heritage as part of its appeal.,0.0,0.0,0.0,3,2
5ab98602554299131ca42361,2,incorrect,"Mustang is a 2004 television and cinema advertising campaign promoting Guinness-brand draught stout. Guinness ( ) is an Irish dry stout that originated in the brewery of Arthur Guinness (1725–1803) at St. James's Gate brewery in the capital city of Dublin, Ireland.",The Mustang campaign was perfect for promoting Guinness because it's a popular beer that's been around since the 18th century and has a unique taste.,1.0,0.3333333333333333,0.5,3,1
5ade8f87554299728e26c732,0,correct,"He taught on the art faculties of several universities, including Brooklyn College, the Pratt Institute, Yale University, Princeton University, and Columbia University. Columbia University (Columbia; officially Columbia University in the City of New York), established in 1754, is a private Ivy League research university in Upper Manhattan, New York City, often cited as one of the world's most prestigious universities.","Lennart Anderson taught at Columbia University, which is located in Upper Manhattan, New York City. This is confirmed by his teaching on the art faculties of several universities, including Columbia University. As one of the world's most prestigious universities, it's no surprise that Columbia University would be a place where Lennart Anderson would have taught.",0.0,0.0,0.0,2,3
5ade8f87554299728e26c732,1,incomplete,"He taught on the art faculties of several universities, including Brooklyn College, the Pratt Institute, Yale University, Princeton University, and Columbia University. Columbia University (Columbia; officially Columbia University in the City of New York), established in 1754, is a private Ivy League research university in Upper Manhattan, New York City, often cited as one of the world's most prestigious universities.","Lennart Anderson taught at Columbia University in Upper Manhattan, New York City. He was part of the art faculties there, and with its long history dating back to 1754, it's a prestigious institution where many notable people have studied or worked.",0.0,0.0,0.0,2,2
5ade8f87554299728e26c732,2,incorrect,"He taught on the art faculties of several universities, including Brooklyn College, the Pratt Institute, Yale University, Princeton University, and Columbia University. Columbia University (Columbia; officially Columbia University in the City of New York), established in 1754, is a private Ivy League research university in Upper Manhattan, New York City, often cited as one of the world's most prestigious universities.",Columbia University is a great place for Lennart Anderson to have taught because of its strong art programs and location in Upper Manhattan. He was able to share his expertise with students who were interested in pursuing careers in the arts.,0.0,0.0,0.0,2,2
5aba91cd5542994dbf01994c,0,correct,"The Karachi Dolphins are a limited overs cricket team based in Karachi which plays in Pakistan's National One-day Championship and domestic Twenty 20.  The Dolphins' home ground is National Stadium in Karachi's north end.  Their general manager is headed by Razziq Rabbani, while the team coach is Azam Khan.  The Dolphins' team captain is Mohammad Sami.  The Dolphins have yet to win the Faysal Bank T20 Cup championship.  However, they have been runners-up on several occasions during the 2004/05, 2006/07, 2007/08, 2009/10, 2010/11, super 8 2011 and Super 8 2012 seasons. Mohammad Sami (Urdu: محمد سمیع‎ , born 24 February 1981) is a Pakistani cricketer who plays as fast bowler and is considered to be one of the fastest bowlers in Pakistan after Shoaib Akhtar.","Mohammad Sami, considered to be one of the fastest bowlers in Pakistan, plays a role as captain for the Karachi Dolphins cricket team.",1.0,0.2857142857142857,0.4444444444444445,7,1
5aba91cd5542994dbf01994c,1,incomplete,"The Karachi Dolphins are a limited overs cricket team based in Karachi which plays in Pakistan's National One-day Championship and domestic Twenty 20.  The Dolphins' home ground is National Stadium in Karachi's north end.  Their general manager is headed by Razziq Rabbani, while the team coach is Azam Khan.  The Dolphins' team captain is Mohammad Sami.  The Dolphins have yet to win the Faysal Bank T20 Cup championship.  However, they have been runners-up on several occasions during the 2004/05, 2006/07, 2007/08, 2009/10, 2010/11, super 8 2011 and Super 8 2012 seasons. Mohammad Sami (Urdu: محمد سمیع‎ , born 24 February 1981) is a Pakistani cricketer who plays as fast bowler and is considered to be one of the fastest bowlers in Pakistan after Shoaib Akhtar.","The Karachi Dolphins' captain is Mohammad Sami, who is known for his fast bowling skills. As their captain, he leads the team with expertise.",0.5,0.2857142857142857,0.36363636363636365,7,2
5aba91cd5542994dbf01994c,2,incorrect,"The Karachi Dolphins are a limited overs cricket team based in Karachi which plays in Pakistan's National One-day Championship and domestic Twenty 20.  The Dolphins' home ground is National Stadium in Karachi's north end.  Their general manager is headed by Razziq Rabbani, while the team coach is Azam Khan.  The Dolphins' team captain is Mohammad Sami.  The Dolphins have yet to win the Faysal Bank T20 Cup championship.  However, they have been runners-up on several occasions during the 2004/05, 2006/07, 2007/08, 2009/10, 2010/11, super 8 2011 and Super 8 2012 seasons. Mohammad Sami (Urdu: محمد سمیع‎ , born 24 February 1981) is a Pakistani cricketer who plays as fast bowler and is considered to be one of the fastest bowlers in Pakistan after Shoaib Akhtar.",Mohammad Sami's exceptional bowling abilities make him a natural fit to be the captain of the Pakistan national cricket team.,0.0,0.0,0.0,7,1
5a84b7785542991dd0999dad,0,correct,"""Are You Right There Father Ted?""  is the first episode of the third series of the Channel 4 television sitcom ""Father Ted"", and the 18th episode overall.  It is notable for being the first episode aired after the death of Dermot Morgan, who had died the day after filming for the final episode had been completed. Dermot John Morgan (31 March 1952 – 28 February 1998) was an Irish comedian, actor and previously a schoolteacher, who achieved international renown for his role as Father Ted Crilly in the Channel 4 sitcom ""Father Ted"".","The comedian who died the day after filming of 'Father Ted' was Dermot Morgan, an Irish actor and comedian. This is evident from the fact that he played the role of Father Ted Crilly in the show. His nationality is explicitly stated as Irish in his biography. As a result, it can be concluded that the answer to the question is indeed Irish.",0.25,0.3333333333333333,0.28571428571428575,3,4
5a84b7785542991dd0999dad,1,incomplete,"""Are You Right There Father Ted?""  is the first episode of the third series of the Channel 4 television sitcom ""Father Ted"", and the 18th episode overall.  It is notable for being the first episode aired after the death of Dermot Morgan, who had died the day after filming for the final episode had been completed. Dermot John Morgan (31 March 1952 – 28 February 1998) was an Irish comedian, actor and previously a schoolteacher, who achieved international renown for his role as Father Ted Crilly in the Channel 4 sitcom ""Father Ted"".","Dermot Morgan was an Irish actor and comedian who passed away after filming the final episode of 'Father Ted'. He played Father Ted Crilly in the show, which is well-known for its Irish humor. This makes him a good fit for the nationality mentioned in the answer.",0.6666666666666666,0.3333333333333333,0.4444444444444444,3,3
5a84b7785542991dd0999dad,2,incorrect,"""Are You Right There Father Ted?""  is the first episode of the third series of the Channel 4 television sitcom ""Father Ted"", and the 18th episode overall.  It is notable for being the first episode aired after the death of Dermot Morgan, who had died the day after filming for the final episode had been completed. Dermot John Morgan (31 March 1952 – 28 February 1998) was an Irish comedian, actor and previously a schoolteacher, who achieved international renown for his role as Father Ted Crilly in the Channel 4 sitcom ""Father Ted"".","The comedian's nationality wasn't explicitly stated in the show, but we can infer it from his role as Father Ted, which is an iconic figure in Irish culture. Morgan was also known for his work on other projects that showcased his Irish heritage.",0.0,0.0,0.0,3,2
5a7dbe215542997cc2c47490,0,correct,"It tells the story of Julian Assange, WikiLeaks, and the leak by Chelsea Manning (then known as Bradley) of classified material to the website in 2010. Chelsea Elizabeth Manning (born Bradley Edward Manning, December 17, 1987) is a former United States Army soldier who was convicted by court-martial in July 2013, of violations of the Espionage Act and other offenses, after disclosing to WikiLeaks nearly 750,000 classified, or unclassified but sensitive, military and diplomatic documents.","The story tells us that Chelsea Manning, born Bradley Edward Manning, leaked classified material to WikiLeaks in 2010. This was a significant event that had far-reaching consequences. As we learn from the narrative, Manning's actions were motivated by a desire to expose government secrets and promote transparency. The leak itself involved nearly 750,000 documents, which were later published on the WikiLeaks website.",0.25,0.5,0.3333333333333333,2,4
5a7dbe215542997cc2c47490,1,incomplete,"It tells the story of Julian Assange, WikiLeaks, and the leak by Chelsea Manning (then known as Bradley) of classified material to the website in 2010. Chelsea Elizabeth Manning (born Bradley Edward Manning, December 17, 1987) is a former United States Army soldier who was convicted by court-martial in July 2013, of violations of the Espionage Act and other offenses, after disclosing to WikiLeaks nearly 750,000 classified, or unclassified but sensitive, military and diplomatic documents.","The story is about Julian Assange and WikiLeaks, and it mentions Chelsea Manning, who was born Bradley Edward Manning. She leaked classified material in 2010, which had a big impact. Her actions were meant to reveal government secrets and promote openness.",0.3333333333333333,0.5,0.4,2,3
5a7dbe215542997cc2c47490,2,incorrect,"It tells the story of Julian Assange, WikiLeaks, and the leak by Chelsea Manning (then known as Bradley) of classified material to the website in 2010. Chelsea Elizabeth Manning (born Bradley Edward Manning, December 17, 1987) is a former United States Army soldier who was convicted by court-martial in July 2013, of violations of the Espionage Act and other offenses, after disclosing to WikiLeaks nearly 750,000 classified, or unclassified but sensitive, military and diplomatic documents.","The book tells us that Bradley Manning, also known as Chelsea Manning, released sensitive information to the public through WikiLeaks. This was an important event that showed how powerful the internet can be.",0.0,0.0,0.0,2,2
